metaclass,metaclassLabel,instanceCount,exampleInstance,exampleInstanceLabel
http://www.wikidata.org/entity/Q24017414,second-order class,578,http://www.wikidata.org/entity/Q100223784,athletic shoe model
http://www.wikidata.org/entity/Q103997018,direct anatomical metaclass,85,http://www.wikidata.org/entity/Q103812529,organ type
http://www.wikidata.org/entity/Q205585,Transport express régional,29,http://www.wikidata.org/entity/Q1538379,TER Nord-Pas-de-Calais
http://www.wikidata.org/entity/Q140354262,type of genre,14,http://www.wikidata.org/entity/Q104822033,podcast genre
http://www.wikidata.org/entity/Q103994247,medical metaclass,13,http://www.wikidata.org/entity/Q103995117,medical entity type
http://www.wikidata.org/entity/Q24017465,third-order class,11,http://www.wikidata.org/entity/Q103994247,medical metaclass
http://www.wikidata.org/entity/Q103997133,indirect anatomical metaclass,10,http://www.wikidata.org/entity/Q103812671,anatomical entity type
http://www.wikidata.org/entity/Q29918297,metaclass of ambassadors,5,http://www.wikidata.org/entity/Q29918287,class of ambassadors
http://www.wikidata.org/entity/Q139922176,narrative role by stock character,4,http://www.wikidata.org/entity/Q139375904,type of protagonist
http://www.wikidata.org/entity/Q3998288,Regionale,2,http://www.wikidata.org/entity/Q112688642,R 22
