metaclass,metaclassLabel,instanceCount
http://www.wikidata.org/entity/Q16521,taxon,3851552
http://www.wikidata.org/entity/Q113145171,type of chemical entity,1280299
http://www.wikidata.org/entity/Q8054,protein,1021037
http://www.wikidata.org/entity/Q3331189,"version, edition or translation",852704
http://www.wikidata.org/entity/Q113813711,coin type,214462
http://www.wikidata.org/entity/Q417841,protein family,24278
http://www.wikidata.org/entity/Q112193867,type of disease,19637
http://www.wikidata.org/entity/Q74817647,aspect in a geographic region,16092
http://www.wikidata.org/entity/Q58483083,dramatico-musical work,14367
http://www.wikidata.org/entity/Q17524420,aspect of history,13870
